Rank,TeamId,TeamName,LastSubmissionDate,Score,SubmissionCount,TeamMemberUserNames
1,71046,"Pierre Sermanet","2014-02-01 21:43:19",0.98914,5,pierresermanet
2,71949,orchid,"2014-02-01 23:52:30",0.98308,17,orchid
3,72059,Owen,"2014-02-01 17:04:40",0.98171,15,owenzhang1
4,74563,"Paul Covington","2014-02-01 23:05:20",0.98171,3,pcovington
5,66623,"Maxim Milakov","2014-02-01 18:20:58",0.98137,24,milakov
6,74298,"we've been in KAIST","2014-02-01 21:15:30",0.98102,8,"donghyun,jaehyunlim"
7,73970,"Doug Koch","2014-02-01 23:36:38",0.98057,6,dougkoch
8,69971,fastml.com/cats-and-dogs,"2014-01-29 20:41:31",0.98000,6,zygmunt
9,71912,"Luca Massaron","2014-02-01 19:39:12",0.97965,23,lucamassaron
10,61197,"Daniel Nouri","2014-01-17 18:39:20",0.97851,13,dnouri
11,72715,anton,"2014-02-01 23:55:10",0.97771,6,anton14
12,72749,miacis,"2014-01-30 23:46:01",0.97748,7,takagiwa
13,65310,DaggerFS,"2013-11-18 17:54:09",0.97691,4,daggerfs
14,71542,jun,"2014-02-01 23:21:49",0.97645,13,junwang4
15,62775,Matt,"2014-01-31 19:32:00",0.97542,47,mattvonrohr
16,74441,Boost.Wu,"2014-01-31 07:33:09",0.97440,2,wugang
17,61312,Charlie,"2014-01-25 22:52:46",0.97417,10,neocortex
18,71961,"Kien Trinh","2014-02-01 03:52:52",0.97405,10,neikusc
19,59417,Abhishek,"2014-02-01 00:01:32",0.97348,33,abhishek
20,70985,sdadas,"2014-01-31 14:27:43",0.97325,21,sdadas
21,65497,"Kyle Kastner","2014-01-29 20:08:39",0.97222,22,kastnerkyle
22,74219,MachineLearner,"2014-01-30 20:58:34",0.97028,4,mlsword
23,74067,mymo,"2014-02-01 18:25:56",0.97017,8,mamymo
24,71288,"Dmitriy Anisimov","2014-02-01 00:16:09",0.96994,9,dmitriyanisimov
25,71529,"Josef Feigl","2014-01-31 18:24:42",0.96982,10,joseffeigl
26,74274,"The Cat of Wall Street","2014-02-01 15:53:25",0.96971,7,"alexginsca,personanondata"
27,59502,Jeff,"2013-09-26 13:54:31",0.96948,2,jeffdonahue
28,69556,jiki,"2014-01-17 04:52:35",0.96880,16,jiki103869
29,72149,"N. McA.","2014-02-01 13:14:51",0.96742,10,natmca
30,72169,dkay,"2014-02-01 21:11:37",0.96731,27,dkaylor
31,73811,chowmein,"2014-01-30 03:39:31",0.96662,6,chowmein1
32,62419,Jamie,"2014-01-30 08:38:34",0.96662,12,ryankiros
33,73846,:-),"2014-02-01 17:21:04",0.96640,7,confirm
34,72565,jajo,"2014-02-01 22:20:46",0.96640,10,djajetic
35,69071,amunategui,"2014-01-25 01:53:17",0.96548,42,amunategui
36,69570,sb&paf,"2014-01-27 23:33:56",0.96548,10,sbachish
37,72215,Sandeep,"2014-02-01 19:24:41",0.96537,9,sandeepmkh
38,62460,wqren,"2013-10-23 02:12:19",0.96525,4,weiqiangren
39,72191,"Jean-François Veillette","2014-01-29 01:24:20",0.96445,4,jimonji
40,69992,"Piotr Kuchta","2014-02-01 21:43:58",0.96377,12,piotrkuchta
41,73941,"Pepper Miller","2014-01-29 03:08:02",0.96297,3,peppermiller
42,72226,db,"2014-01-31 06:47:01",0.96274,8,dbolotov
43,72655,"Dmitry Krivokon","2014-01-23 17:31:28",0.96251,2,dmitrykrivokon
44,71505,Hid,"2014-01-28 14:22:58",0.96251,23,atelierhide
45,72034,"dogs have owners, cats have staff","2014-01-31 04:16:45",0.96228,10,zerozero
46,72783,"Kun Zhang","2014-01-30 04:25:59",0.96228,12,kunzhang
47,69857,AK,"2014-02-01 07:59:40",0.96194,8,iamandreas
48,71345,WOW,"2014-01-24 04:58:36",0.96160,6,chenyuefeng
49,74007,Andrew,"2014-02-01 08:45:54",0.96148,10,acarter
50,74575,Jelena,"2014-02-01 21:14:54",0.96137,4,uzunovic
51,74453,tloinuy,"2014-02-01 23:18:28",0.96034,4,tloinuy
52,59407,fmeyer,"2014-01-29 11:55:14",0.95725,5,fmeyer
53,74481,jyaangu,"2014-01-31 06:03:08",0.95691,2,jyaangu
54,73844,"Who Let the Dogs Out","2014-01-31 08:23:51",0.95440,11,sigint
55,74539,selim,"2014-02-01 23:57:56",0.95325,4,selimte
56,71728,"Julian de Wit","2014-02-01 10:34:38",0.95245,11,juliandewit
57,61471,naxeji,"2013-10-24 19:00:57",0.95120,10,naxat88
58,68665,"Jonathan Anderson","2014-01-25 09:26:37",0.95085,14,jontis
59,73848,"David Logsdon","2014-02-01 12:54:37",0.95074,8,davidlogsdon
60,72004,"jacopo hirschstein","2014-01-31 14:47:39",0.95005,6,jacopohirschstein
61,64233,Maurits,"2014-01-30 13:38:41",0.94994,4,maurits
62,74559,"Justin Sheek","2014-02-01 02:12:04",0.94971,2,justinsheek
63,73808,Mr.Fede,"2014-01-31 14:00:09",0.94948,5,fedecape
64,73834,stevenwudi,"2014-01-27 12:15:03",0.94937,3,stevenwudi
65,74332,tortuguero,"2014-02-01 16:48:36",0.94914,3,tdomhan
66,74658,"Dominic Breuker","2014-02-01 17:05:30",0.94845,2,breuker
67,62409,UA_551,"2013-12-16 18:48:08",0.94057,22,"dongbeibei,yanliu0,zkfairytale"
68,74081,"Hal 9001","2014-01-28 18:23:57",0.93874,3,hal90011
69,64799,Poly,"2013-11-17 09:19:38",0.92594,4,"pierrefroumenty,sek99076"
70,69302,Safadurimo,"2014-02-01 16:05:37",0.92548,6,safadurimo
71,66851,FATE,"2013-11-30 04:58:19",0.92022,4,chu129828
72,72777,"Raja V P","2014-02-01 23:43:30",0.91428,5,rajavpalanisamy
73,71660,gavinmh,"2014-01-14 02:07:35",0.88994,1,gavinmh
74,73830,satropy,"2014-01-28 16:18:16",0.88777,2,satropy
75,68347,"[Deleted] cc95eb80-8d31-4349-9f35-39ab7a40654c","2013-12-11 19:23:04",0.88720,3,del=d434dd3f29aa2704
76,70509,"Rahul Shivkumar","2014-01-27 14:53:02",0.88685,2,rahulshiv
77,63645,Kadam,"2014-02-01 12:55:30",0.88674,2,nileshkadam
78,62150,prof_data,"2014-01-31 18:52:15",0.88605,4,seemslegit
79,63039,Makeene,"2013-12-16 20:57:12",0.86422,3,"hiandbaii,jasontam"
80,62385,CooperUnion,"2014-01-29 17:06:14",0.85931,6,"benschenker,elizabethkilson"
81,59866,"Chris Goller","2013-10-06 18:11:45",0.85668,4,chrisgoller
82,59411,smpl,"2013-09-25 23:58:31",0.84914,2,smpl128237
83,68099,"One Old Dog","2014-02-01 23:46:04",0.84857,39,dslate
84,59387,benmanns,"2013-09-25 21:32:10",0.84308,2,benmanns
85,66375,vu.pham,"2013-11-30 10:05:39",0.83748,7,vupham
86,71514,"Yufei Zhao","2014-01-14 06:58:01",0.82948,4,yufeizhao
87,66135,"Qiwei Feng","2013-12-19 07:04:39",0.82754,9,qiweifeng
88,64931,disgon,"2014-02-01 23:58:42",0.80674,4,"vbardiovsky,vojtechbardiovsky"
89,59552,nmiller,"2013-10-20 04:04:12",0.80217,5,nmiller
90,70267,"Kirubakumaresh R","2014-01-25 04:22:13",0.79474,1,kirubakumaresh
91,59606,"Jaco Cronje","2013-09-27 11:39:01",0.78560,1,jacocronje
92,72322,SRK,"2014-01-27 08:24:52",0.78331,8,sudalairajkumar
93,69818,JMT5802,"2014-01-24 00:18:23",0.77737,11,jimthompson
94,65370,Daniel,"2013-12-11 17:41:43",0.77485,4,daniel51
95,72426,Isaac,"2014-02-01 07:28:40",0.77245,8,ginotesei
96,60560,xxlll35xx,"2013-10-07 00:00:19",0.76731,3,xxlll35xx
97,74696,"Daniel 2","2014-02-01 23:33:31",0.76594,1,danielyoo
98,69536,"Allen Tran","2014-01-09 17:38:20",0.75737,2,allentran0
99,69046,"Phillip Chilton Adkins","2013-12-13 08:22:16",0.74651,1,phillipadkins
100,60285,"Jared Huling","2013-10-08 14:53:38",0.74594,5,jhuling
101,62948,surya,"2013-11-15 19:23:04",0.74480,7,suryavanshi
102,71449,HWDA,"2014-02-01 22:56:19",0.74342,1,buckaroobanzai
103,66448,"Gil Levi","2013-12-14 14:31:49",0.73405,3,gillevi
104,61703,"David Rolland","2013-10-24 21:14:02",0.73371,4,rold2007
105,60291,duni,"2013-11-28 07:55:27",0.73268,4,foobarbazquux
106,70044,Mini,"2014-01-14 23:06:26",0.73005,7,puzzled
107,70761,"Jason Hurt","2014-01-06 23:12:11",0.72582,4,jasonhurt
108,62597,ZKX_YX,"2013-11-04 02:55:54",0.72160,5,"usixuz,yanxia1"
109,65044,"Jonathan Cocks","2013-11-13 18:29:14",0.71360,1,jonathancocks
110,59517,"Deep Octo","2013-11-20 16:24:27",0.70811,3,"ashtonizmev,lmatthieu,romainm,simonmaby"
111,68561,"Peter M.","2013-12-09 15:22:42",0.70754,2,petermalmgren
112,60096,ameerkat,"2013-10-02 09:32:39",0.70434,2,ameerkat
113,64653,"THE TEST SET IS ALL CATS!","2013-11-11 00:10:40",0.69337,3,pjreddie
114,69660,Thanos,"2013-12-25 21:13:57",0.69234,5,erwtokritos
115,72092,"Pradeep Sudarshan","2014-01-18 10:16:19",0.69028,1,pradeepsudarshan
116,68185,Lavi&Shaun,"2014-01-25 04:46:23",0.68628,10,"lavizhao,yaoming147"
117,71716,wacax,"2014-01-20 22:50:02",0.68594,5,wacaxx
118,62282,Sourena,"2013-11-12 13:17:50",0.68445,4,sourena
119,69429,bravehearts,"2014-01-13 08:10:37",0.68388,10,"botdes0,darthvadersnooo"
120,65511,Pringle,"2013-11-22 06:55:44",0.68342,3,user136798
121,59508,becky1166,"2013-10-08 12:11:29",0.67782,5,becky1166
122,61753,Thailandaise_Fajitas,"2013-11-13 16:25:38",0.66171,3,"piangfanangelanaksukpaiboon,princeofthief"
123,69657,"WooBe @ bit.ly/blenditbayes","2014-01-27 12:31:49",0.66160,11,jofaichow
124,74303,"Hans-Peter Wieser","2014-01-30 09:29:46",0.65874,3,hanspeterwieser
125,62156,EricSaurus,"2013-10-19 17:08:13",0.65794,1,ericsaurus
126,70423,"博獻 劉","2013-12-29 14:46:10",0.65394,2,ryanliu0705
127,69388,sergio22,"2014-01-12 01:57:11",0.65314,2,sergio22
128,69878,"Ram Narayan","2014-01-05 15:30:01",0.64948,10,ramnarayan88
129,59539,primaryobjects,"2013-09-27 22:29:03",0.64742,3,primaryobjects
130,70972,"Manta Argon","2014-01-05 13:37:32",0.63931,1,mantaargon
131,68709,TeamDSSS,"2013-12-19 06:58:08",0.63474,6,mkimura3
132,69944,"Polina Vasilyuk","2014-01-14 03:05:50",0.63085,9,user142937
133,69716,"Ivan Kuckir","2014-01-08 01:08:59",0.62617,6,ivankuckir
134,71647,Jagruti,"2014-01-16 20:23:06",0.62240,6,jagruti
135,74517,"Lasse Hjorth Madsen","2014-01-31 09:04:26",0.61908,1,lassehjorthmadsen
136,70445,GeekyCoder,"2014-01-05 15:42:39",0.61851,4,geekycoder0
137,72188,Yuczyk,"2014-01-19 19:10:53",0.61805,2,yukiegosapporo
138,59512,ThierryS,"2013-09-26 13:36:48",0.61280,1,thierrys
139,67187,"Miguel Ballesteros","2014-01-26 17:40:36",0.61131,7,miguelballesteros
140,67850,chwolfe,"2013-12-03 19:08:06",0.60800,1,chwolfe
141,66428,"data hydrant","2013-11-24 23:49:59",0.60171,3,slothouber
142,70314,earino,"2013-12-29 05:39:38",0.59977,6,earino
143,61280,kn-olin,"2013-10-13 13:09:57",0.59737,1,ryanlouie
144,61871,Shembil,"2013-10-17 16:09:14",0.59337,2,absmd2002
145,59949,kymhorsell,"2013-10-09 02:54:04",0.59222,8,kymhorsell1
146,72497,peculiardaveo,"2014-01-26 12:46:41",0.58731,4,neuralnutz
147,60331,Contanalytics,"2013-10-10 02:12:57",0.57542,8,"keziahdo,phmoantrinh,qtheboss,shankusu"
148,69075,tebeka,"2013-12-13 19:36:05",0.56811,1,tebeka
149,71963,"michel blaauw","2014-01-29 21:38:53",0.56331,2,michelblaauw
150,74258,boyter,"2014-01-31 05:06:21",0.55942,5,boyter
151,62287,"Pavel Simo","2013-10-25 15:13:27",0.55805,4,pavelsimo
152,69498,"Frank Inklaar","2013-12-30 08:10:59",0.55200,2,frin63
153,71748,"Andrés Pe","2014-01-16 00:00:26",0.54902,3,andrespe
154,71114,"Amitabha Chakravarty","2014-01-14 16:42:48",0.54365,8,amitabhac
155,61048,Kae+Kae+,"2013-11-11 14:36:46",0.54045,2,newmanok
156,72410,"Danny Sullivan","2014-01-21 02:31:01",0.53862,2,dbsullivan23
157,68287,koshkabb,"2013-12-24 22:46:05",0.53851,4,koshkabb
158,60348,KaeKae!!,"2013-11-11 14:59:17",0.53702,8,nattawet
159,70915,"lina lll","2014-01-04 18:04:39",0.53497,1,linalll
160,67816,ziyuang,"2013-12-11 15:36:30",0.53165,4,del=0344ac6154f2b9d5
161,59943,"Connor Dunn","2013-10-15 20:55:09",0.52297,2,connorhd
162,71865,"Bill Szaroletta, P.E.","2014-02-01 21:58:42",0.51120,2,szaroletta
163,59668,razapor,"2013-09-29 00:09:39",0.50971,5,razapor
164,71826,jticknor,"2014-01-16 01:53:11",0.50868,4,jticknor
165,74437,"Rajendra Gupta","2014-01-30 16:38:48",0.50662,2,rajnitjsr
166,70111,Arvi,"2013-12-26 02:25:43",0.50628,1,arvi151370
167,69303,"Kai Xin, Thia","2013-12-16 09:42:59",0.50617,2,thiakx
168,59639,Iampat,"2013-09-29 08:18:18",0.50594,3,iampat
169,74508,Andrey,"2014-01-31 17:54:24",0.50445,2,poletaev
170,69692,Surf,"2014-01-22 15:39:22",0.50400,1,surfield
171,68900,"Landu jiang","2013-12-16 01:13:57",0.50365,3,landujiang
172,70635,"Hiro Hosokawa","2014-01-01 08:39:01",0.50320,2,hhosokawa
173,71559,"William Smits","2014-01-12 21:28:01",0.50308,2,smitswil
174,70942,a929060944,"2014-01-05 05:04:30",0.50297,1,qjohnyuan
175,67592,"Jens Baetens","2013-12-05 19:40:45",0.50240,7,jensbaetens
176,60777,"Buddy James","2013-10-10 00:27:58",0.50217,3,budbjames
177,71696,"Sundong Kim","2014-01-14 13:58:25",0.50205,2,sundong
178,72527,ckcabang,"2014-01-29 18:28:51",0.50205,3,ckcabang
179,69900,"Andre Platzman","2014-02-01 00:37:21",0.50171,10,andrep
180,71614,Crystal,"2014-01-13 14:27:49",0.50137,1,crystal3
181,72492,aRSenic,"2014-01-24 17:57:11",0.49977,2,arsenic
182,72443,"Satya Prakash","2014-01-21 10:22:47",0.49965,1,satyaprakash1986
183,69189,starkis,"2014-02-01 21:01:47",0.49942,1,starkis
184,68752,Alpha,"2013-12-10 14:47:19",0.49920,1,alpha4
185,71617,UpDownDOTA,"2014-01-13 14:42:47",0.49805,1,updowndota
186,59382,weizhezhang,"2013-09-25 15:24:11",0.49794,1,weizhezhang
187,59408,X625,"2013-09-25 19:16:13",0.49794,1,x625112025
188,59563,"George Theofilis","2013-09-26 19:54:00",0.49794,1,theofilis
189,59984,"Islamic Azad University of Naragh","2013-09-30 10:18:17",0.49794,1,malekinezhad
190,60665,"Vikram Jha","2013-10-07 06:41:39",0.49794,1,invinciblejha
191,62264,"Amir Modi","2013-10-20 17:41:09",0.49794,1,amirmodarresi
192,62138,"Abdulsamad Maqsoudi","2013-10-21 06:49:25",0.49794,1,abdulsamadmaqsoudi
193,62327,"Najibullah Akbari","2013-10-21 07:35:48",0.49794,1,najakbari
194,64818,zardoz,"2013-11-12 02:21:57",0.49794,1,zardoz
195,68346,the_etruscan,"2013-12-20 23:15:26",0.49794,3,theetruscan
196,68429,"Ravi Chandibhamar","2013-12-08 00:18:52",0.49794,1,company
197,68600,주현탁,"2013-12-09 11:20:15",0.49794,1,user147290
198,68958,ChapmanS,"2013-12-12 11:45:32",0.49794,1,chapmansiu
199,69633,"Ameya ","2013-12-20 04:59:00",0.49794,1,ameyagawde
200,70583,"Arul A P","2013-12-31 11:55:25",0.49794,1,arulap
201,71762,"Mania Yang","2014-01-15 04:16:00",0.49794,1,yangyanzhan
202,71881,"Exp Dislikelihood","2014-01-16 09:23:25",0.49794,1,knizkar
203,71380,yyq10,"2014-01-16 16:43:00",0.49794,1,yyq10156478
204,70067,"NISHIO Hirokazu","2014-01-21 07:32:09",0.49794,1,nishio
205,74145,Gaurav,"2014-01-28 08:05:01",0.49794,1,gaurav159949
206,62249,"Habib Eslami","2013-10-20 15:22:31",0.49714,1,habib128987
207,71197,"Gopal Sharma","2014-01-28 13:55:40",0.49714,5,gopalsharma2001
208,69270,D.Fox,"2013-12-15 22:34:39",0.49622,1,dfox1146718
209,64688,"Jon McAullife","2013-11-11 05:27:46",0.49588,1,jonmcaullife
210,68708,"Prince Human","2013-12-16 01:28:12",0.49520,1,"killit0,princehuman"
211,60265,"Guybrush Threepwood","2013-10-02 18:48:02",0.49394,1,ckroxigor
212,60931,Kid.Do,"2013-10-09 08:28:39",0.49360,2,kiddo132050
213,68012,"Mostafa Charmi","2013-12-04 11:50:26",0.49302,2,mostafacharmi
